date,equity,drawdown
2021-01-01,1.00000000,0.00000000
2021-01-02,1.00000000,0.00000000
2021-01-03,1.00000000,0.00000000
2021-01-04,1.00000000,0.00000000
2021-01-05,1.00000000,0.00000000
2021-01-06,1.00000000,0.00000000
2021-01-07,1.00000000,0.00000000
2021-01-08,1.00000000,0.00000000
2021-01-09,1.00000000,0.00000000
2021-01-10,1.00000000,0.00000000
2021-01-11,1.00000000,0.00000000
2021-01-12,1.00000000,0.00000000
2021-01-13,1.00000000,0.00000000
2021-01-14,1.00000000,0.00000000
2021-01-15,1.00000000,0.00000000
2021-01-16,1.00000000,0.00000000
2021-01-17,1.00000000,0.00000000
2021-01-18,1.00000000,0.00000000
2021-01-19,1.00000000,0.00000000
2021-01-20,1.00000000,0.00000000
2021-01-21,1.00000000,0.00000000
2021-01-22,1.00000000,0.00000000
2021-01-23,1.00000000,0.00000000
2021-01-24,1.00000000,0.00000000
2021-01-25,1.00000000,0.00000000
2021-01-26,1.00000000,0.00000000
2021-01-27,1.00000000,0.00000000
2021-01-28,1.00000000,0.00000000
2021-01-29,1.00000000,0.00000000
2021-01-30,1.00000000,0.00000000
2021-01-31,1.00000000,0.00000000
2021-02-01,1.00000000,0.00000000
2021-02-02,1.00000000,0.00000000
2021-02-03,1.00000000,0.00000000
2021-02-04,1.00000000,0.00000000
2021-02-05,1.00000000,0.00000000
2021-02-06,1.00000000,0.00000000
2021-02-07,1.00000000,0.00000000
2021-02-08,1.00000000,0.00000000
2021-02-09,1.00000000,0.00000000
2021-02-10,1.00000000,0.00000000
2021-02-11,1.00000000,0.00000000
2021-02-12,1.00000000,0.00000000
2021-02-13,1.00000000,0.00000000
2021-02-14,1.00000000,0.00000000
2021-02-15,1.00000000,0.00000000
2021-02-16,1.00000000,0.00000000
2021-02-17,1.00000000,0.00000000
2021-02-18,1.00000000,0.00000000
2021-02-19,1.00000000,0.00000000
2021-02-20,1.00000000,0.00000000
2021-02-21,1.00000000,0.00000000
2021-02-22,1.00000000,0.00000000
2021-02-23,1.00000000,0.00000000
2021-02-24,1.00000000,0.00000000
2021-02-25,1.00000000,0.00000000
2021-02-26,1.00000000,0.00000000
2021-02-27,1.00000000,0.00000000
2021-02-28,1.00000000,0.00000000
2021-03-01,1.00000000,0.00000000
2021-03-02,1.00000000,0.00000000
2021-03-03,1.00000000,0.00000000
2021-03-04,1.00000000,0.00000000
2021-03-05,1.00000000,0.00000000
2021-03-06,1.00000000,0.00000000
2021-03-07,1.00000000,0.00000000
2021-03-08,1.00000000,0.00000000
2021-03-09,1.00000000,0.00000000
2021-03-10,1.00000000,0.00000000
2021-03-11,1.00000000,0.00000000
2021-03-12,1.00000000,0.00000000
2021-03-13,1.00000000,0.00000000
2021-03-14,1.00000000,0.00000000
2021-03-15,1.00000000,0.00000000
2021-03-16,1.00000000,0.00000000
2021-03-17,1.00000000,0.00000000
2021-03-18,1.00000000,0.00000000
2021-03-19,1.00000000,0.00000000
2021-03-20,1.00000000,0.00000000
2021-03-21,1.00000000,0.00000000
2021-03-22,1.00000000,0.00000000
2021-03-23,1.00000000,0.00000000
2021-03-24,1.00000000,0.00000000
2021-03-25,1.00000000,0.00000000
2021-03-26,1.00000000,0.00000000
2021-03-27,1.00000000,0.00000000
2021-03-28,1.00000000,0.00000000
2021-03-29,1.00000000,0.00000000
2021-03-30,1.00000000,0.00000000
2021-03-31,1.00000000,0.00000000
2021-04-01,1.00000000,0.00000000
2021-04-02,1.00000000,0.00000000
2021-04-03,1.00000000,0.00000000
2021-04-04,1.00000000,0.00000000
2021-04-05,1.00000000,0.00000000
2021-04-06,1.00000000,0.00000000
2021-04-07,1.00000000,0.00000000
2021-04-08,1.00000000,0.00000000
2021-04-09,1.00000000,0.00000000
2021-04-10,1.00000000,0.00000000
2021-04-11,1.00000000,0.00000000
2021-04-12,1.00000000,0.00000000
2021-04-13,1.00000000,0.00000000
2021-04-14,1.00000000,0.00000000
2021-04-15,1.00000000,0.00000000
2021-04-16,1.00000000,0.00000000
2021-04-17,1.00000000,0.00000000
2021-04-18,1.00000000,0.00000000
2021-04-19,1.00000000,0.00000000
2021-04-20,1.00000000,0.00000000
2021-04-21,1.00000000,0.00000000
2021-04-22,1.00000000,0.00000000
2021-04-23,1.00000000,0.00000000
2021-04-24,1.00000000,0.00000000
2021-04-25,1.00000000,0.00000000
2021-04-26,1.00000000,0.00000000
2021-04-27,1.00000000,0.00000000
2021-04-28,1.00000000,0.00000000
2021-04-29,1.00000000,0.00000000
2021-04-30,1.00000000,0.00000000
2021-05-01,1.00000000,0.00000000
2021-05-02,1.00000000,0.00000000
2021-05-03,1.00000000,0.00000000
2021-05-04,1.00000000,0.00000000
2021-05-05,1.00000000,0.00000000
2021-05-06,1.00000000,0.00000000
2021-05-07,1.00000000,0.00000000
2021-05-08,1.00000000,0.00000000
2021-05-09,1.00000000,0.00000000
2021-05-10,1.00000000,0.00000000
2021-05-11,1.00000000,0.00000000
2021-05-12,1.00000000,0.00000000
2021-05-13,1.00000000,0.00000000
2021-05-14,1.00000000,0.00000000
2021-05-15,1.00000000,0.00000000
2021-05-16,1.00000000,0.00000000
2021-05-17,1.00000000,0.00000000
2021-05-18,1.00000000,0.00000000
2021-05-19,1.00000000,0.00000000
2021-05-20,1.00000000,0.00000000
2021-05-21,1.00000000,0.00000000
2021-05-22,1.00000000,0.00000000
2021-05-23,1.00000000,0.00000000
2021-05-24,1.00000000,0.00000000
2021-05-25,1.00000000,0.00000000
2021-05-26,1.00000000,0.00000000
2021-05-27,1.00000000,0.00000000
2021-05-28,1.00000000,0.00000000
2021-05-29,1.00000000,0.00000000
2021-05-30,1.00000000,0.00000000
2021-05-31,1.00000000,0.00000000
2021-06-01,1.00000000,0.00000000
2021-06-02,1.00000000,0.00000000
2021-06-03,1.00000000,0.00000000
2021-06-04,1.00000000,0.00000000
2021-06-05,1.00000000,0.00000000
2021-06-06,1.00000000,0.00000000
2021-06-07,1.00000000,0.00000000
2021-06-08,1.00000000,0.00000000
2021-06-09,1.00000000,0.00000000
2021-06-10,1.00000000,0.00000000
2021-06-11,1.00000000,0.00000000
2021-06-12,1.00000000,0.00000000
2021-06-13,1.00000000,0.00000000
2021-06-14,1.00000000,0.00000000
2021-06-15,1.00000000,0.00000000
2021-06-16,1.00000000,0.00000000
2021-06-17,1.00000000,0.00000000
2021-06-18,1.00000000,0.00000000
2021-06-19,1.00000000,0.00000000
2021-06-20,1.00000000,0.00000000
2021-06-21,1.00000000,0.00000000
2021-06-22,1.00000000,0.00000000
2021-06-23,1.00000000,0.00000000
2021-06-24,1.00000000,0.00000000
2021-06-25,1.00000000,0.00000000
2021-06-26,1.00000000,0.00000000
2021-06-27,1.00000000,0.00000000
2021-06-28,1.00000000,0.00000000
2021-06-29,1.00000000,0.00000000
2021-06-30,1.00000000,0.00000000
2021-07-01,1.00000000,0.00000000
2021-07-02,1.00000000,0.00000000
2021-07-03,1.00000000,0.00000000
2021-07-04,1.00000000,0.00000000
2021-07-05,1.00000000,0.00000000
2021-07-06,1.00000000,0.00000000
2021-07-07,1.00000000,0.00000000
2021-07-08,1.00000000,0.00000000
2021-07-09,1.00000000,0.00000000
2021-07-10,1.00000000,0.00000000
2021-07-11,1.00000000,0.00000000
2021-07-12,1.00000000,0.00000000
2021-07-13,1.00000000,0.00000000
2021-07-14,1.00000000,0.00000000
2021-07-15,1.00000000,0.00000000
2021-07-16,1.00000000,0.00000000
2021-07-17,1.00000000,0.00000000
2021-07-18,1.00000000,0.00000000
2021-07-19,1.00000000,0.00000000
2021-07-20,1.00000000,0.00000000
2021-07-21,1.00000000,0.00000000
2021-07-22,1.00000000,0.00000000
2021-07-23,1.00000000,0.00000000
2021-07-24,1.00000000,0.00000000
2021-07-25,1.00000000,0.00000000
2021-07-26,1.00000000,0.00000000
2021-07-27,1.00000000,0.00000000
2021-07-28,1.00000000,0.00000000
2021-07-29,1.00000000,0.00000000
2021-07-30,1.00000000,0.00000000
2021-07-31,1.00000000,0.00000000
2021-08-01,1.00000000,0.00000000
2021-08-02,1.00000000,0.00000000
2021-08-03,1.00000000,0.00000000
2021-08-04,1.00000000,0.00000000
2021-08-05,1.00000000,0.00000000
2021-08-06,1.00000000,0.00000000
2021-08-07,1.00000000,0.00000000
2021-08-08,1.00000000,0.00000000
2021-08-09,1.00000000,0.00000000
2021-08-10,1.00000000,0.00000000
2021-08-11,1.00000000,0.00000000
2021-08-12,1.00000000,0.00000000
2021-08-13,1.00000000,0.00000000
2021-08-14,0.99374683,-0.00625317
2021-08-15,1.01673400,0.00000000
2021-08-16,1.03244561,0.00000000
2021-08-17,1.03112837,-0.00127584
2021-08-18,1.05276271,0.00000000
2021-08-19,1.06402672,0.00000000
2021-08-20,1.09243012,0.00000000
2021-08-21,1.07789056,-0.01330937
2021-08-22,1.07722499,-0.01391863
2021-08-23,1.08571498,-0.00614698
2021-08-24,1.06320826,-0.02674941
2021-08-25,1.07387282,-0.01698717
2021-08-26,1.06966971,-0.02083466
2021-08-27,1.11435900,0.00000000
2021-08-28,1.13258050,0.00000000
2021-08-29,1.12780083,-0.00422016
2021-08-30,1.16152990,0.00000000
2021-08-31,1.15712925,-0.00378867
2021-09-01,1.16585630,0.00000000
2021-09-02,1.20676245,0.00000000
2021-09-03,1.24974341,0.00000000
2021-09-04,1.23255768,-0.01375141
2021-09-05,1.24291749,-0.00546186
2021-09-06,1.29550175,0.00000000
2021-09-07,1.30644361,0.00000000
2021-09-08,1.34516237,0.00000000
2021-09-09,1.33875769,-0.00476127
2021-09-10,1.31686187,-0.02103872
2021-09-11,1.31668916,-0.02116711
2021-09-12,1.31265482,-0.02416627
2021-09-13,1.30492412,-0.02991330
2021-09-14,1.29632434,-0.03630642
2021-09-15,1.29867265,-0.03456067
2021-09-16,1.28968838,-0.04123963
2021-09-17,1.28337482,-0.04593315
2021-09-18,1.31142555,-0.02508011
2021-09-19,1.28969658,-0.04123352
2021-09-20,1.25704894,-0.06550393
2021-09-21,1.24215495,-0.07657619
2021-09-22,1.27639309,-0.05112340
2021-09-23,1.28125488,-0.04750913
2021-09-24,1.26418435,-0.06019944
2021-09-25,1.25987947,-0.06339970
2021-09-26,1.26024585,-0.06312734
2021-09-27,1.25915340,-0.06393947
2021-09-28,1.25180615,-0.06940145
2021-09-29,1.25674213,-0.06573202
2021-09-30,1.26892807,-0.05667294
2021-10-01,1.30353867,-0.03094325
2021-10-02,1.31218258,-0.02451733
2021-10-03,1.31864626,-0.01971220
2021-10-04,1.31267762,-0.02414931
2021-10-05,1.31351439,-0.02352726
2021-10-06,1.30647731,-0.02875865
2021-10-07,1.30427413,-0.03039651
2021-10-08,1.31051416,-0.02575764
2021-10-09,1.30935855,-0.02661673
2021-10-10,1.29492640,-0.03734565
2021-10-11,1.29609849,-0.03647432
2021-10-12,1.30469956,-0.03008024
2021-10-13,1.30068102,-0.03306764
2021-10-14,1.30368966,-0.03083101
2021-10-15,1.33166000,-0.01003772
2021-10-16,1.32165925,-0.01747233
2021-10-17,1.32673803,-0.01369674
2021-10-18,1.32319963,-0.01632721
2021-10-19,1.32550043,-0.01461677
2021-10-20,1.36016709,0.00000000
2021-10-21,1.37359202,0.00000000
2021-10-22,1.37946973,0.00000000
2021-10-23,1.38307336,0.00000000
2021-10-24,1.38938870,0.00000000
2021-10-25,1.40673324,0.00000000
2021-10-26,1.38420619,-0.01601374
2021-10-27,1.35484108,-0.03688842
2021-10-28,1.37757631,-0.02072670
2021-10-29,1.38952910,-0.01222985
2021-10-30,1.38111334,-0.01821234
2021-10-31,1.39096826,-0.01120681
2021-11-01,1.39227004,-0.01028141
2021-11-02,1.42519923,0.00000000
2021-11-03,1.46119770,0.00000000
2021-11-04,1.46392169,0.00000000
2021-11-05,1.44499600,-0.01292808
2021-11-06,1.48057197,0.00000000
2021-11-07,1.47154394,-0.00609766
2021-11-08,1.48055151,-0.00001381
2021-11-09,1.46490282,-0.01058317
2021-11-10,1.45034584,-0.02041517
2021-11-11,1.45061293,-0.02023477
2021-11-12,1.44135051,-0.02649074
2021-11-13,1.46212477,-0.01245951
2021-11-14,1.46047827,-0.01357157
2021-11-15,1.45492945,-0.01731933
2021-11-16,1.41651000,-0.04326839
2021-11-17,1.41684800,-0.04304010
2021-11-18,1.37134638,-0.07377256
2021-11-19,1.40543301,-0.05074995
2021-11-20,1.41312407,-0.04555530
2021-11-21,1.42991448,-0.03421481
2021-11-22,1.40151507,-0.05339618
2021-11-23,1.41413058,-0.04487549
2021-11-24,1.38863851,-0.06209321
2021-11-25,1.39957747,-0.05470487
2021-11-26,1.36008814,-0.08137654
2021-11-27,1.36302707,-0.07939155
2021-11-28,1.38127825,-0.06706443
2021-11-29,1.38777926,-0.06267355
2021-11-30,1.39240826,-0.05954706
2021-12-01,1.42533622,-0.03730703
2021-12-02,1.42949735,-0.03449654
2021-12-03,1.38908831,-0.06178940
2021-12-04,1.35733521,-0.08323591
2021-12-05,1.35300015,-0.08616387
2021-12-06,1.35376202,-0.08564930
2021-12-07,1.35023536,-0.08803125
2021-12-08,1.35509545,-0.08474868
2021-12-09,1.32668788,-0.10393556
2021-12-10,1.30804438,-0.11652766
2021-12-11,1.32299023,-0.10643301
2021-12-12,1.32649892,-0.10406320
2021-12-13,1.29118744,-0.12791308
2021-12-14,1.30543813,-0.11828796
2021-12-15,1.32865200,-0.10260897
2021-12-16,1.32170519,-0.10730095
2021-12-17,1.31391339,-0.11256365
2021-12-18,1.31330814,-0.11297244
2021-12-19,1.31330814,-0.11297244
2021-12-20,1.31330814,-0.11297244
2021-12-21,1.31330814,-0.11297244
2021-12-22,1.31330814,-0.11297244
2021-12-23,1.31330814,-0.11297244
2021-12-24,1.31330814,-0.11297244
2021-12-25,1.31330814,-0.11297244
2021-12-26,1.31330814,-0.11297244
2021-12-27,1.31330814,-0.11297244
2021-12-28,1.31330814,-0.11297244
2021-12-29,1.31330814,-0.11297244
2021-12-30,1.31330814,-0.11297244
2021-12-31,1.31330814,-0.11297244
2022-01-01,1.31330814,-0.11297244
2022-01-02,1.31330814,-0.11297244
2022-01-03,1.31330814,-0.11297244
2022-01-04,1.31330814,-0.11297244
2022-01-05,1.31330814,-0.11297244
2022-01-06,1.31330814,-0.11297244
2022-01-07,1.31330814,-0.11297244
2022-01-08,1.31330814,-0.11297244
2022-01-09,1.31330814,-0.11297244
2022-01-10,1.31330814,-0.11297244
2022-01-11,1.31330814,-0.11297244
2022-01-12,1.31330814,-0.11297244
2022-01-13,1.31330814,-0.11297244
2022-01-14,1.31330814,-0.11297244
2022-01-15,1.31330814,-0.11297244
2022-01-16,1.31330814,-0.11297244
2022-01-17,1.31330814,-0.11297244
2022-01-18,1.31330814,-0.11297244
2022-01-19,1.31330814,-0.11297244
2022-01-20,1.31330814,-0.11297244
2022-01-21,1.31330814,-0.11297244
2022-01-22,1.31330814,-0.11297244
2022-01-23,1.31330814,-0.11297244
2022-01-24,1.31330814,-0.11297244
2022-01-25,1.31330814,-0.11297244
2022-01-26,1.31330814,-0.11297244
2022-01-27,1.31330814,-0.11297244
2022-01-28,1.31330814,-0.11297244
2022-01-29,1.31330814,-0.11297244
2022-01-30,1.31330814,-0.11297244
2022-01-31,1.31330814,-0.11297244
2022-02-01,1.31330814,-0.11297244
2022-02-02,1.31330814,-0.11297244
2022-02-03,1.31330814,-0.11297244
2022-02-04,1.31330814,-0.11297244
2022-02-05,1.31330814,-0.11297244
2022-02-06,1.31330814,-0.11297244
2022-02-07,1.31330814,-0.11297244
2022-02-08,1.31330814,-0.11297244
2022-02-09,1.31330814,-0.11297244
2022-02-10,1.31330814,-0.11297244
2022-02-11,1.31330814,-0.11297244
2022-02-12,1.31330814,-0.11297244
2022-02-13,1.31330814,-0.11297244
2022-02-14,1.31330814,-0.11297244
2022-02-15,1.31330814,-0.11297244
2022-02-16,1.31330814,-0.11297244
2022-02-17,1.31330814,-0.11297244
2022-02-18,1.31330814,-0.11297244
2022-02-19,1.31330814,-0.11297244
2022-02-20,1.31330814,-0.11297244
2022-02-21,1.31330814,-0.11297244
2022-02-22,1.31330814,-0.11297244
2022-02-23,1.31330814,-0.11297244
2022-02-24,1.31330814,-0.11297244
2022-02-25,1.31330814,-0.11297244
2022-02-26,1.31330814,-0.11297244
2022-02-27,1.31330814,-0.11297244
2022-02-28,1.31330814,-0.11297244
2022-03-01,1.31330814,-0.11297244
2022-03-02,1.31330814,-0.11297244
2022-03-03,1.31330814,-0.11297244
2022-03-04,1.31330814,-0.11297244
2022-03-05,1.31330814,-0.11297244
2022-03-06,1.31330814,-0.11297244
2022-03-07,1.31330814,-0.11297244
2022-03-08,1.31330814,-0.11297244
2022-03-09,1.31330814,-0.11297244
2022-03-10,1.31330814,-0.11297244
2022-03-11,1.31330814,-0.11297244
2022-03-12,1.31330814,-0.11297244
2022-03-13,1.31330814,-0.11297244
2022-03-14,1.31330814,-0.11297244
2022-03-15,1.31330814,-0.11297244
2022-03-16,1.31330814,-0.11297244
2022-03-17,1.31330814,-0.11297244
2022-03-18,1.31330814,-0.11297244
2022-03-19,1.31330814,-0.11297244
2022-03-20,1.31330814,-0.11297244
2022-03-21,1.31330814,-0.11297244
2022-03-22,1.31330814,-0.11297244
2022-03-23,1.31330814,-0.11297244
2022-03-24,1.31330814,-0.11297244
2022-03-25,1.31330814,-0.11297244
2022-03-26,1.31330814,-0.11297244
2022-03-27,1.31330814,-0.11297244
2022-03-28,1.31330814,-0.11297244
2022-03-29,1.31330814,-0.11297244
2022-03-30,1.31330814,-0.11297244
2022-03-31,1.31330814,-0.11297244
2022-04-01,1.31330814,-0.11297244
2022-04-02,1.31330814,-0.11297244
2022-04-03,1.31330814,-0.11297244
2022-04-04,1.31330814,-0.11297244
2022-04-05,1.31330814,-0.11297244
2022-04-06,1.31330814,-0.11297244
2022-04-07,1.31330814,-0.11297244
2022-04-08,1.31330814,-0.11297244
2022-04-09,1.31330814,-0.11297244
2022-04-10,1.31330814,-0.11297244
2022-04-11,1.31330814,-0.11297244
2022-04-12,1.31330814,-0.11297244
2022-04-13,1.31330814,-0.11297244
2022-04-14,1.31330814,-0.11297244
2022-04-15,1.31330814,-0.11297244
2022-04-16,1.31330814,-0.11297244
2022-04-17,1.31330814,-0.11297244
2022-04-18,1.31330814,-0.11297244
2022-04-19,1.31330814,-0.11297244
2022-04-20,1.31330814,-0.11297244
2022-04-21,1.31330814,-0.11297244
2022-04-22,1.31330814,-0.11297244
2022-04-23,1.31330814,-0.11297244
2022-04-24,1.31330814,-0.11297244
2022-04-25,1.31330814,-0.11297244
2022-04-26,1.31330814,-0.11297244
2022-04-27,1.31330814,-0.11297244
2022-04-28,1.31330814,-0.11297244
2022-04-29,1.31330814,-0.11297244
2022-04-30,1.31330814,-0.11297244
2022-05-01,1.31330814,-0.11297244
2022-05-02,1.31330814,-0.11297244
2022-05-03,1.31330814,-0.11297244
2022-05-04,1.31330814,-0.11297244
2022-05-05,1.31330814,-0.11297244
2022-05-06,1.31330814,-0.11297244
2022-05-07,1.31330814,-0.11297244
2022-05-08,1.31330814,-0.11297244
2022-05-09,1.31330814,-0.11297244
2022-05-10,1.31330814,-0.11297244
2022-05-11,1.31330814,-0.11297244
2022-05-12,1.31330814,-0.11297244
2022-05-13,1.31330814,-0.11297244
2022-05-14,1.31330814,-0.11297244
2022-05-15,1.31330814,-0.11297244
2022-05-16,1.31330814,-0.11297244
2022-05-17,1.31330814,-0.11297244
2022-05-18,1.31330814,-0.11297244
2022-05-19,1.31330814,-0.11297244
2022-05-20,1.31330814,-0.11297244
2022-05-21,1.31330814,-0.11297244
2022-05-22,1.31330814,-0.11297244
2022-05-23,1.31330814,-0.11297244
2022-05-24,1.31330814,-0.11297244
2022-05-25,1.31330814,-0.11297244
2022-05-26,1.31330814,-0.11297244
2022-05-27,1.31330814,-0.11297244
2022-05-28,1.31330814,-0.11297244
2022-05-29,1.31330814,-0.11297244
2022-05-30,1.31330814,-0.11297244
2022-05-31,1.31330814,-0.11297244
2022-06-01,1.31330814,-0.11297244
2022-06-02,1.31330814,-0.11297244
2022-06-03,1.31330814,-0.11297244
2022-06-04,1.31330814,-0.11297244
2022-06-05,1.31330814,-0.11297244
2022-06-06,1.31330814,-0.11297244
2022-06-07,1.31330814,-0.11297244
2022-06-08,1.31330814,-0.11297244
2022-06-09,1.31330814,-0.11297244
2022-06-10,1.31330814,-0.11297244
2022-06-11,1.31330814,-0.11297244
2022-06-12,1.31330814,-0.11297244
2022-06-13,1.31330814,-0.11297244
2022-06-14,1.31330814,-0.11297244
2022-06-15,1.31330814,-0.11297244
2022-06-16,1.31330814,-0.11297244
2022-06-17,1.31330814,-0.11297244
2022-06-18,1.31330814,-0.11297244
2022-06-19,1.31330814,-0.11297244
2022-06-20,1.31330814,-0.11297244
2022-06-21,1.31330814,-0.11297244
2022-06-22,1.31330814,-0.11297244
2022-06-23,1.31330814,-0.11297244
2022-06-24,1.31330814,-0.11297244
2022-06-25,1.31330814,-0.11297244
2022-06-26,1.31330814,-0.11297244
2022-06-27,1.31330814,-0.11297244
2022-06-28,1.31330814,-0.11297244
2022-06-29,1.31330814,-0.11297244
2022-06-30,1.31330814,-0.11297244
2022-07-01,1.31330814,-0.11297244
2022-07-02,1.31330814,-0.11297244
2022-07-03,1.31330814,-0.11297244
2022-07-04,1.31330814,-0.11297244
2022-07-05,1.31330814,-0.11297244
2022-07-06,1.31330814,-0.11297244
2022-07-07,1.31330814,-0.11297244
2022-07-08,1.31330814,-0.11297244
2022-07-09,1.31330814,-0.11297244
2022-07-10,1.31330814,-0.11297244
2022-07-11,1.31330814,-0.11297244
2022-07-12,1.31330814,-0.11297244
2022-07-13,1.31330814,-0.11297244
2022-07-14,1.31330814,-0.11297244
2022-07-15,1.31330814,-0.11297244
2022-07-16,1.31330814,-0.11297244
2022-07-17,1.31330814,-0.11297244
2022-07-18,1.31330814,-0.11297244
2022-07-19,1.31330814,-0.11297244
2022-07-20,1.31330814,-0.11297244
2022-07-21,1.31330814,-0.11297244
2022-07-22,1.31330814,-0.11297244
2022-07-23,1.31330814,-0.11297244
2022-07-24,1.31330814,-0.11297244
2022-07-25,1.31330814,-0.11297244
2022-07-26,1.31330814,-0.11297244
2022-07-27,1.31330814,-0.11297244
2022-07-28,1.31330814,-0.11297244
2022-07-29,1.31330814,-0.11297244
2022-07-30,1.31330814,-0.11297244
2022-07-31,1.31330814,-0.11297244
2022-08-01,1.31330814,-0.11297244
2022-08-02,1.31330814,-0.11297244
2022-08-03,1.31330814,-0.11297244
2022-08-04,1.31330814,-0.11297244
2022-08-05,1.31330814,-0.11297244
2022-08-06,1.31330814,-0.11297244
2022-08-07,1.31330814,-0.11297244
2022-08-08,1.31330814,-0.11297244
2022-08-09,1.31330814,-0.11297244
2022-08-10,1.31330814,-0.11297244
2022-08-11,1.31330814,-0.11297244
2022-08-12,1.31330814,-0.11297244
2022-08-13,1.31330814,-0.11297244
2022-08-14,1.31330814,-0.11297244
2022-08-15,1.31330814,-0.11297244
2022-08-16,1.31330814,-0.11297244
2022-08-17,1.31330814,-0.11297244
2022-08-18,1.31330814,-0.11297244
2022-08-19,1.31330814,-0.11297244
2022-08-20,1.31330814,-0.11297244
2022-08-21,1.31330814,-0.11297244
2022-08-22,1.31330814,-0.11297244
2022-08-23,1.31330814,-0.11297244
2022-08-24,1.31330814,-0.11297244
2022-08-25,1.31330814,-0.11297244
2022-08-26,1.31330814,-0.11297244
2022-08-27,1.31330814,-0.11297244
2022-08-28,1.31330814,-0.11297244
2022-08-29,1.31330814,-0.11297244
2022-08-30,1.31330814,-0.11297244
2022-08-31,1.31330814,-0.11297244
2022-09-01,1.31330814,-0.11297244
2022-09-02,1.31330814,-0.11297244
2022-09-03,1.31330814,-0.11297244
2022-09-04,1.31330814,-0.11297244
2022-09-05,1.31330814,-0.11297244
2022-09-06,1.31330814,-0.11297244
2022-09-07,1.31330814,-0.11297244
2022-09-08,1.31330814,-0.11297244
2022-09-09,1.31330814,-0.11297244
2022-09-10,1.31330814,-0.11297244
2022-09-11,1.31330814,-0.11297244
2022-09-12,1.31330814,-0.11297244
2022-09-13,1.31330814,-0.11297244
2022-09-14,1.31330814,-0.11297244
2022-09-15,1.31330814,-0.11297244
2022-09-16,1.31330814,-0.11297244
2022-09-17,1.31330814,-0.11297244
2022-09-18,1.31330814,-0.11297244
2022-09-19,1.31330814,-0.11297244
2022-09-20,1.31330814,-0.11297244
2022-09-21,1.31330814,-0.11297244
2022-09-22,1.31330814,-0.11297244
2022-09-23,1.31330814,-0.11297244
2022-09-24,1.31330814,-0.11297244
2022-09-25,1.31330814,-0.11297244
2022-09-26,1.31330814,-0.11297244
2022-09-27,1.31330814,-0.11297244
2022-09-28,1.31330814,-0.11297244
2022-09-29,1.31330814,-0.11297244
2022-09-30,1.31330814,-0.11297244
2022-10-01,1.31330814,-0.11297244
2022-10-02,1.31330814,-0.11297244
2022-10-03,1.31330814,-0.11297244
2022-10-04,1.31330814,-0.11297244
2022-10-05,1.31330814,-0.11297244
2022-10-06,1.31330814,-0.11297244
2022-10-07,1.31330814,-0.11297244
2022-10-08,1.31330814,-0.11297244
2022-10-09,1.31330814,-0.11297244
2022-10-10,1.31330814,-0.11297244
2022-10-11,1.31330814,-0.11297244
2022-10-12,1.31330814,-0.11297244
2022-10-13,1.31330814,-0.11297244
2022-10-14,1.31330814,-0.11297244
2022-10-15,1.31330814,-0.11297244
2022-10-16,1.31330814,-0.11297244
2022-10-17,1.31330814,-0.11297244
2022-10-18,1.31330814,-0.11297244
2022-10-19,1.31330814,-0.11297244
2022-10-20,1.31330814,-0.11297244
2022-10-21,1.31330814,-0.11297244
2022-10-22,1.31330814,-0.11297244
2022-10-23,1.31330814,-0.11297244
2022-10-24,1.31330814,-0.11297244
2022-10-25,1.31330814,-0.11297244
2022-10-26,1.31330814,-0.11297244
2022-10-27,1.31330814,-0.11297244
2022-10-28,1.31330814,-0.11297244
2022-10-29,1.31330814,-0.11297244
2022-10-30,1.31330814,-0.11297244
2022-10-31,1.31330814,-0.11297244
2022-11-01,1.31330814,-0.11297244
2022-11-02,1.31330814,-0.11297244
2022-11-03,1.31330814,-0.11297244
2022-11-04,1.31330814,-0.11297244
2022-11-05,1.31090025,-0.11459876
2022-11-06,1.29387145,-0.12610027
2022-11-07,1.28685252,-0.13084095
2022-11-08,1.24166669,-0.16136013
2022-11-09,1.20882131,-0.18354437
2022-11-10,1.24025437,-0.16231403
2022-11-11,1.23052650,-0.16888437
2022-11-12,1.23448227,-0.16621259
2022-11-13,1.22750175,-0.17092733
2022-11-14,1.23010205,-0.16917105
2022-11-15,1.23306277,-0.16717134
2022-11-16,1.22953060,-0.16955702
2022-11-17,1.22838170,-0.17033300
2022-11-18,1.22848922,-0.17026038
2022-11-19,1.22818308,-0.17046715
2022-11-20,1.22818308,-0.17046715
2022-11-21,1.22818308,-0.17046715
2022-11-22,1.22818308,-0.17046715
2022-11-23,1.22818308,-0.17046715
2022-11-24,1.22818308,-0.17046715
2022-11-25,1.22818308,-0.17046715
2022-11-26,1.22818308,-0.17046715
2022-11-27,1.22818308,-0.17046715
2022-11-28,1.22818308,-0.17046715
2022-11-29,1.22818308,-0.17046715
2022-11-30,1.22818308,-0.17046715
2022-12-01,1.22818308,-0.17046715
2022-12-02,1.22818308,-0.17046715
2022-12-03,1.22818308,-0.17046715
2022-12-04,1.22818308,-0.17046715
2022-12-05,1.22818308,-0.17046715
2022-12-06,1.22818308,-0.17046715
2022-12-07,1.22818308,-0.17046715
2022-12-08,1.22818308,-0.17046715
2022-12-09,1.22818308,-0.17046715
2022-12-10,1.22818308,-0.17046715
2022-12-11,1.22818308,-0.17046715
2022-12-12,1.22818308,-0.17046715
2022-12-13,1.22818308,-0.17046715
2022-12-14,1.22818308,-0.17046715
2022-12-15,1.22818308,-0.17046715
2022-12-16,1.22818308,-0.17046715
2022-12-17,1.22818308,-0.17046715
2022-12-18,1.22818308,-0.17046715
2022-12-19,1.22818308,-0.17046715
2022-12-20,1.22818308,-0.17046715
2022-12-21,1.22818308,-0.17046715
2022-12-22,1.22818308,-0.17046715
2022-12-23,1.22818308,-0.17046715
2022-12-24,1.22818308,-0.17046715
2022-12-25,1.22818308,-0.17046715
2022-12-26,1.22818308,-0.17046715
2022-12-27,1.22818308,-0.17046715
2022-12-28,1.22818308,-0.17046715
2022-12-29,1.22818308,-0.17046715
2022-12-30,1.22818308,-0.17046715
2022-12-31,1.22818308,-0.17046715
2023-01-01,1.22818308,-0.17046715
2023-01-02,1.22818308,-0.17046715
2023-01-03,1.22818308,-0.17046715
2023-01-04,1.22818308,-0.17046715
2023-01-05,1.22818308,-0.17046715
2023-01-06,1.22818308,-0.17046715
2023-01-07,1.22818308,-0.17046715
2023-01-08,1.22818308,-0.17046715
2023-01-09,1.22818308,-0.17046715
2023-01-10,1.22818308,-0.17046715
2023-01-11,1.22818308,-0.17046715
2023-01-12,1.22818308,-0.17046715
2023-01-13,1.22818308,-0.17046715
2023-01-14,1.24890760,-0.15646951
2023-01-15,1.24540482,-0.15883534
2023-01-16,1.24090915,-0.16187178
2023-01-17,1.24650916,-0.15808945
2023-01-18,1.21583794,-0.17880524
2023-01-19,1.22951959,-0.16956445
2023-01-20,1.28394800,-0.13280271
2023-01-21,1.27179766,-0.14100922
2023-01-22,1.26916341,-0.14278844
2023-01-23,1.28497198,-0.13211110
2023-01-24,1.26597014,-0.14494522
2023-01-25,1.28365428,-0.13300109
2023-01-26,1.27259718,-0.14046922
2023-01-27,1.28096781,-0.13481557
2023-01-28,1.28424258,-0.13260375
2023-01-29,1.32273160,-0.10660770
2023-01-30,1.28960963,-0.12897876
2023-01-31,1.30890313,-0.11594765
2023-02-01,1.35118219,-0.08739175
2023-02-02,1.33851904,-0.09594463
2023-02-03,1.34391336,-0.09230123
2023-02-04,1.33509557,-0.09825689
2023-02-05,1.31884465,-0.10923300
2023-02-06,1.31236605,-0.11360874
2023-02-07,1.34592294,-0.09094393
2023-02-08,1.33268431,-0.09988549
2023-02-09,1.27678844,-0.13763838
2023-02-10,1.28081712,-0.13491735
2023-02-11,1.28734365,-0.13050924
2023-02-12,1.28030938,-0.13526028
2023-02-13,1.27559602,-0.13844376
2023-02-14,1.29806107,-0.12327053
2023-02-15,1.35726089,-0.08328611
2023-02-16,1.32954654,-0.10200479
2023-02-17,1.35267402,-0.08638415
2023-02-18,1.35244233,-0.08654063
2023-02-19,1.33890226,-0.09568580
2023-02-20,1.34369926,-0.09244583
2023-02-21,1.33026343,-0.10152059
2023-02-22,1.33049409,-0.10136480
2023-02-23,1.32406736,-0.10570551
2023-02-24,1.30141863,-0.12100279
2023-02-25,1.29287834,-0.12677102
2023-02-26,1.30744555,-0.11693212
2023-02-27,1.30058851,-0.12156346
2023-02-28,1.28776233,-0.13022645
2023-03-01,1.30092349,-0.12133721
2023-03-02,1.29341720,-0.12640707
2023-03-03,1.27208681,-0.14081393
2023-03-04,1.26761456,-0.14383455
2023-03-05,1.26859393,-0.14317307
2023-03-06,1.26479583,-0.14573837
2023-03-07,1.25813766,-0.15023539
2023-03-08,1.23267505,-0.16743321
2023-03-09,1.20302426,-0.18745979
2023-03-10,1.20852294,-0.18374590
2023-03-11,1.20782693,-0.18421600
2023-03-12,1.20782693,-0.18421600
2023-03-13,1.20782693,-0.18421600
2023-03-14,1.20782693,-0.18421600
2023-03-15,1.20782693,-0.18421600
2023-03-16,1.20782693,-0.18421600
2023-03-17,1.20782693,-0.18421600
2023-03-18,1.20782693,-0.18421600
2023-03-19,1.20782693,-0.18421600
2023-03-20,1.20782693,-0.18421600
2023-03-21,1.20782693,-0.18421600
2023-03-22,1.20782693,-0.18421600
2023-03-23,1.20782693,-0.18421600
2023-03-24,1.20782693,-0.18421600
2023-03-25,1.20498145,-0.18613787
2023-03-26,1.21485309,-0.17947043
2023-03-27,1.19700187,-0.19152740
2023-03-28,1.20333701,-0.18724855
2023-03-29,1.22015742,-0.17588780
2023-03-30,1.21194768,-0.18143278
2023-03-31,1.22196870,-0.17466444
2023-04-01,1.22110590,-0.17524718
2023-04-02,1.21315115,-0.18061994
2023-04-03,1.20879764,-0.18356036
2023-04-04,1.21667968,-0.17823672
2023-04-05,1.21715107,-0.17791833
2023-04-06,1.21263241,-0.18097030
2023-04-07,1.20984073,-0.18285585
2023-04-08,1.20983220,-0.18286161
2023-04-09,1.21708208,-0.17796493
2023-04-10,1.24228160,-0.16094480
2023-04-11,1.25305789,-0.15366634
2023-04-12,1.24709381,-0.15769457
2023-04-13,1.25653071,-0.15132074
2023-04-14,1.25819538,-0.15019641
2023-04-15,1.25487562,-0.15243862
2023-04-16,1.25515115,-0.15225252
2023-04-17,1.23829981,-0.16363416
2023-04-18,1.25652306,-0.15132591
2023-04-19,1.22636974,-0.17169191
2023-04-20,1.21567764,-0.17891351
2023-04-21,1.19682871,-0.19164435
2023-04-22,1.21287746,-0.18080479
2023-04-23,1.20619742,-0.18531659
2023-04-24,1.20380015,-0.18693574
2023-04-25,1.22739576,-0.17099892
2023-04-26,1.23087644,-0.16864802
2023-04-27,1.26261559,-0.14721093
2023-04-28,1.25773126,-0.15050988
2023-04-29,1.25530107,-0.15215126
2023-04-30,1.25562729,-0.15193093
2023-05-01,1.22070974,-0.17551476
2023-05-02,1.23845433,-0.16352980
2023-05-03,1.24946203,-0.15609504
2023-05-04,1.24372174,-0.15997211
2023-05-05,1.26364812,-0.14651354
2023-05-06,1.24400165,-0.15978306
2023-05-07,1.23139671,-0.16829662
2023-05-08,1.20878703,-0.18356753
2023-05-09,1.20768202,-0.18431387
2023-05-10,1.20678251,-0.18492141
2023-05-11,1.18799424,-0.19761128
2023-05-12,1.18281168,-0.20111166
2023-05-13,1.18212365,-0.20157637
2023-05-14,1.18643649,-0.19866341
2023-05-15,1.19384994,-0.19365626
2023-05-16,1.18996004,-0.19628356
2023-05-17,1.20101915,-0.18881407
2023-05-18,1.18354438,-0.20061678
2023-05-19,1.18553103,-0.19927497
2023-05-20,1.19040135,-0.19598549
2023-05-21,1.17473330,-0.20656791
2023-05-22,1.17991491,-0.20306818
2023-05-23,1.19073419,-0.19576068
2023-05-24,1.16225283,-0.21499741
2023-05-25,1.16608514,-0.21240901
2023-05-26,1.18136837,-0.20208649
2023-05-27,1.18699782,-0.19828428
2023-05-28,1.22146805,-0.17500258
2023-05-29,1.22261158,-0.17423022
2023-05-30,1.24002584,-0.16246838
2023-05-31,1.22647574,-0.17162032
2023-06-01,1.21052160,-0.18239598
2023-06-02,1.23253886,-0.16752519
2023-06-03,1.22410362,-0.17322248
2023-06-04,1.23858573,-0.16344105
2023-06-05,1.18593190,-0.19900422
2023-06-06,1.23654579,-0.16481885
2023-06-07,1.20712175,-0.18469228
2023-06-08,1.21504257,-0.17934245
2023-06-09,1.22587363,-0.17202699
2023-06-10,1.18669247,-0.19849052
2023-06-11,1.19990815,-0.18956445
2023-06-12,1.20259125,-0.18775225
2023-06-13,1.19875139,-0.19034575
2023-06-14,1.14958372,-0.22355431
2023-06-15,1.16016464,-0.21640780
2023-06-16,1.17368252,-0.20727763
2023-06-17,1.17222505,-0.20826203
2023-06-18,1.17222505,-0.20826203
2023-06-19,1.17222505,-0.20826203
2023-06-20,1.17222505,-0.20826203
2023-06-21,1.17222505,-0.20826203
2023-06-22,1.17222505,-0.20826203
2023-06-23,1.17222505,-0.20826203
2023-06-24,1.17222505,-0.20826203
2023-06-25,1.17222505,-0.20826203
2023-06-26,1.17222505,-0.20826203
2023-06-27,1.17222505,-0.20826203
2023-06-28,1.17222505,-0.20826203
2023-06-29,1.17222505,-0.20826203
2023-06-30,1.17222505,-0.20826203
2023-07-01,1.16502606,-0.21312433
2023-07-02,1.16934846,-0.21020491
2023-07-03,1.16676399,-0.21195051
2023-07-04,1.15488049,-0.21997680
2023-07-05,1.15395009,-0.22060520
2023-07-06,1.15417293,-0.22045469
2023-07-07,1.15728282,-0.21835423
2023-07-08,1.15341963,-0.22096348
2023-07-09,1.14965185,-0.22350830
2023-07-10,1.15539956,-0.21962621
2023-07-11,1.15541571,-0.21961530
2023-07-12,1.15937919,-0.21693831
2023-07-13,1.15751481,-0.21819754
2023-07-14,1.14916355,-0.22383810
2023-07-15,1.14221372,-0.22853212
2023-07-16,1.13992937,-0.23007500
2023-07-17,1.13472177,-0.23359229
2023-07-18,1.13509184,-0.23334234
2023-07-19,1.13538543,-0.23314405
2023-07-20,1.13519659,-0.23327159
2023-07-21,1.13671521,-0.23224589
2023-07-22,1.13222311,-0.23527992
2023-07-23,1.13927675,-0.23051579
2023-07-24,1.13014768,-0.23668169
2023-07-25,1.12936011,-0.23721363
2023-07-26,1.13279047,-0.23489672
2023-07-27,1.13456038,-0.23370129
2023-07-28,1.13218175,-0.23530785
2023-07-29,1.13301027,-0.23474826
2023-07-30,1.14696254,-0.22532469
2023-07-31,1.14012054,-0.22994588
2023-08-01,1.13860707,-0.23096810
2023-08-02,1.11576358,-0.24639693
2023-08-03,1.11084579,-0.24971848
2023-08-04,1.11371972,-0.24777738
2023-08-05,1.11227716,-0.24875171
2023-08-06,1.10769901,-0.25184386
2023-08-07,1.12695897,-0.23883540
2023-08-08,1.13042430,-0.23649487
2023-08-09,1.12996564,-0.23680465
2023-08-10,1.12077323,-0.24301334
2023-08-11,1.11706450,-0.24551827
2023-08-12,1.11538821,-0.24665046
2023-08-13,1.11397984,-0.24760169
2023-08-14,1.11860142,-0.24448021
2023-08-15,1.11385043,-0.24768910
2023-08-16,1.06227790,-0.28252194
2023-08-17,0.98956232,-0.33163511
2023-08-18,0.99297524,-0.32932997
2023-08-19,0.99347177,-0.32899461
2023-08-20,0.99800789,-0.32593085
2023-08-21,0.99024498,-0.33117403
2023-08-22,0.98797739,-0.33270560
2023-08-23,1.01119338,-0.31702518
2023-08-24,1.01002226,-0.31781617
2023-08-25,1.00412374,-0.32180012
2023-08-26,1.00315385,-0.32245519
2023-08-27,1.00315385,-0.32245519
2023-08-28,1.00315385,-0.32245519
2023-08-29,1.00315385,-0.32245519
2023-08-30,1.00315385,-0.32245519
2023-08-31,1.00315385,-0.32245519
2023-09-01,1.00315385,-0.32245519
2023-09-02,1.00315385,-0.32245519
2023-09-03,1.00315385,-0.32245519
2023-09-04,1.00315385,-0.32245519
2023-09-05,1.00315385,-0.32245519
2023-09-06,1.00315385,-0.32245519
2023-09-07,1.00315385,-0.32245519
2023-09-08,1.00315385,-0.32245519
2023-09-09,1.00315385,-0.32245519
2023-09-10,1.00315385,-0.32245519
2023-09-11,1.00315385,-0.32245519
2023-09-12,1.00315385,-0.32245519
2023-09-13,1.00315385,-0.32245519
2023-09-14,1.00315385,-0.32245519
2023-09-15,1.00315385,-0.32245519
2023-09-16,1.00315385,-0.32245519
2023-09-17,1.00315385,-0.32245519
2023-09-18,1.00315385,-0.32245519
2023-09-19,1.00315385,-0.32245519
2023-09-20,1.00315385,-0.32245519
2023-09-21,1.00315385,-0.32245519
2023-09-22,1.00315385,-0.32245519
2023-09-23,1.00315385,-0.32245519
2023-09-24,1.00315385,-0.32245519
2023-09-25,1.00315385,-0.32245519
2023-09-26,1.00315385,-0.32245519
2023-09-27,1.00315385,-0.32245519
2023-09-28,1.00315385,-0.32245519
2023-09-29,1.00315385,-0.32245519
2023-09-30,1.00315385,-0.32245519
2023-10-01,1.00315385,-0.32245519
2023-10-02,1.00315385,-0.32245519
2023-10-03,1.00315385,-0.32245519
2023-10-04,1.00315385,-0.32245519
2023-10-05,1.00315385,-0.32245519
2023-10-06,1.00315385,-0.32245519
2023-10-07,0.99790901,-0.32599764
2023-10-08,1.00322368,-0.32240803
2023-10-09,0.98304839,-0.33603471
2023-10-10,0.97963437,-0.33834059
2023-10-11,0.97759642,-0.33971706
2023-10-12,0.96835174,-0.34596104
2023-10-13,0.97199865,-0.34349787
2023-10-14,0.97458018,-0.34175426
2023-10-15,0.98277224,-0.33622123
2023-10-16,1.00576632,-0.32069069
2023-10-17,0.99624689,-0.32712025
2023-10-18,0.99658343,-0.32689295
2023-10-19,1.00022559,-0.32443298
2023-10-20,1.02413137,-0.30828667
2023-10-21,1.04656757,-0.29313293
2023-10-22,1.04535393,-0.29395264
2023-10-23,1.11339016,-0.24799997
2023-10-24,1.11044716,-0.24998772
2023-10-25,1.13809567,-0.23131351
2023-10-26,1.13615441,-0.23262466
2023-10-27,1.12344189,-0.24121089
2023-10-28,1.12534365,-0.23992641
2023-10-29,1.14185408,-0.22877502
2023-10-30,1.15939955,-0.21692456
2023-10-31,1.19136646,-0.19533364
2023-11-01,1.22608262,-0.17188583
2023-11-02,1.21146217,-0.18176070
2023-11-03,1.20153264,-0.18846725
2023-11-04,1.22563130,-0.17219066
2023-11-05,1.21578282,-0.17884247
2023-11-06,1.22353883,-0.17360395
2023-11-07,1.23171068,-0.16808456
2023-11-08,1.23443788,-0.16624257
2023-11-09,1.25719240,-0.15087383
2023-11-10,1.34837291,-0.08928918
2023-11-11,1.34476565,-0.09172558
2023-11-12,1.34375670,-0.09240704
2023-11-13,1.30452617,-0.11890391
2023-11-14,1.33910609,-0.09554813
2023-11-15,1.41901841,-0.04157418
2023-11-16,1.35013815,-0.08809691
2023-11-17,1.35848987,-0.08245603
2023-11-18,1.35806958,-0.08273990
2023-11-19,1.37132714,-0.07378556
2023-11-20,1.35208591,-0.08678137
2023-11-21,1.32582994,-0.10451503
2023-11-22,1.35616974,-0.08402309
2023-11-23,1.35133044,-0.08729162
2023-11-24,1.35405278,-0.08545291
2023-11-25,1.36272818,-0.07959342
2023-11-26,1.35635816,-0.08389583
2023-11-27,1.34489367,-0.09163911
2023-11-28,1.36010364,-0.08136608
2023-11-29,1.36510899,-0.07798539
2023-11-30,1.36469145,-0.07826740
2023-12-01,1.36956516,-0.07497562
2023-12-02,1.38867117,-0.06207114
2023-12-03,1.38713845,-0.06310637
2023-12-04,1.38711382,-0.06312300
2023-12-05,1.39048496,-0.06084608
2023-12-06,1.39301498,-0.05913727
2023-12-07,1.41727558,-0.04275131
2023-12-08,1.45076331,-0.02013320
2023-12-09,1.43811118,-0.02867864
2023-12-10,1.44939330,-0.02105853
2023-12-11,1.42225464,-0.03938838
2023-12-12,1.41571571,-0.04380487
2023-12-13,1.42849279,-0.03517504
2023-12-14,1.45074444,-0.02014595
2023-12-15,1.43396063,-0.03148198
2023-12-16,1.44081484,-0.02685255
2023-12-17,1.42427633,-0.03802290
2023-12-18,1.44542376,-0.02373961
2023-12-19,1.43759790,-0.02902531
2023-12-20,1.48560469,0.00000000
2023-12-21,1.54064978,0.00000000
2023-12-22,1.55999286,0.00000000
2023-12-23,1.60589607,0.00000000
2023-12-24,1.62517364,0.00000000
2023-12-25,1.66657052,0.00000000
2023-12-26,1.62343576,-0.02588235
2023-12-27,1.60072725,-0.03950825
2023-12-28,1.57349203,-0.05585032
2023-12-29,1.59188965,-0.04481111
2023-12-30,1.57746881,-0.05346411
2023-12-31,1.57745656,-0.05347146
2024-01-01,1.61286392,-0.03222582
2024-01-02,1.60466090,-0.03714792
2024-01-03,1.56859948,-0.05878602
2024-01-04,1.59539561,-0.04270741
2024-01-05,1.57822516,-0.05301028
2024-01-06,1.55650254,-0.06604460
2024-01-07,1.54121328,-0.07521868
2024-01-08,1.58178868,-0.05087204
2024-01-09,1.58340673,-0.04990116
2024-01-10,1.59482094,-0.04305224
2024-01-11,1.58640050,-0.04810479
2024-01-12,1.54614978,-0.07225662
2024-01-13,1.55948119,-0.06425731
2024-01-14,1.54882307,-0.07065255
2024-01-15,1.55322044,-0.06801398
2024-01-16,1.56650894,-0.06004042
2024-01-17,1.58097683,-0.05135918
2024-01-18,1.54947159,-0.07026341
2024-01-19,1.54779389,-0.07127009
2024-01-20,1.54529117,-0.07277181
2024-01-21,1.53880711,-0.07666247
2024-01-22,1.50699764,-0.09574925
2024-01-23,1.50979594,-0.09407018
2024-01-24,1.52581390,-0.08445885
2024-01-25,1.51897922,-0.08855989
2024-01-26,1.54360719,-0.07378226
2024-01-27,1.55315791,-0.06805150
2024-01-28,1.55984238,-0.06404058
2024-01-29,1.58891267,-0.04659740
2024-01-30,1.58640441,-0.04810245
2024-01-31,1.56625544,-0.06019253
2024-02-01,1.57178328,-0.05687563
2024-02-02,1.58396889,-0.04956384
2024-02-03,1.57216549,-0.05664629
2024-02-04,1.56003816,-0.06392311
2024-02-05,1.56122005,-0.06321393
2024-02-06,1.56786045,-0.05922946
2024-02-07,1.59078831,-0.04547195
2024-02-08,1.60142620,-0.03908885
2024-02-09,1.62636803,-0.02412289
2024-02-10,1.63902484,-0.01652836
2024-02-11,1.63527810,-0.01877654
2024-02-12,1.66351440,-0.00183378
2024-02-13,1.66601713,-0.00033206
2024-02-14,1.69848538,0.00000000
2024-02-15,1.68306572,-0.00907848
2024-02-16,1.67006586,-0.01673227
2024-02-17,1.66082334,-0.02217390
2024-02-18,1.67874270,-0.01162370
2024-02-19,1.67340450,-0.01476662
2024-02-20,1.66155835,-0.02174115
2024-02-21,1.64433731,-0.03188021
2024-02-22,1.62609075,-0.04262305
2024-02-23,1.61458801,-0.04939540
2024-02-24,1.64503941,-0.03146684
2024-02-25,1.64389222,-0.03214226
2024-02-26,1.70808728,0.00000000
2024-02-27,1.72740936,0.00000000
2024-02-28,1.84288868,0.00000000
2024-02-29,1.86454128,0.00000000
2024-03-01,1.89751810,0.00000000
2024-03-02,1.89727338,-0.00012897
2024-03-03,1.90979136,0.00000000
2024-03-04,1.98196599,0.00000000
2024-03-05,1.89038369,-0.04620780
2024-03-06,1.94526543,-0.01851725
2024-03-07,2.02317369,0.00000000
2024-03-08,2.04233832,0.00000000
2024-03-09,2.04090372,-0.00070243
2024-03-10,2.04526818,0.00000000
2024-03-11,2.07979678,0.00000000
2024-03-12,2.08358274,0.00000000
2024-03-13,2.13798389,0.00000000
2024-03-14,2.17202308,0.00000000
2024-03-15,2.18579249,0.00000000
2024-03-16,2.15318647,-0.01491726
2024-03-17,2.24076348,0.00000000
2024-03-18,2.21528287,-0.01137140
2024-03-19,2.09016589,-0.06720816
2024-03-20,2.20232732,-0.01715315
2024-03-21,2.14551591,-0.04250675
2024-03-22,2.11999115,-0.05389785
2024-03-23,2.13078287,-0.04908176
2024-03-24,2.15454805,-0.03847592
2024-03-25,2.16378398,-0.03435414
2024-03-26,2.16017066,-0.03596668
2024-03-27,2.18720625,-0.02390133
2024-03-28,2.20522466,-0.01586014
2024-03-29,2.22777600,-0.00579601
2024-03-30,2.21589283,-0.01109919
2024-03-31,2.26024689,0.00000000
2024-04-01,2.24029582,-0.00882694
2024-04-02,2.22345308,-0.01627867
2024-04-03,2.20270757,-0.02545709
2024-04-04,2.24521593,-0.00665014
2024-04-05,2.23933828,-0.00925058
2024-04-06,2.26707116,0.00000000
2024-04-07,2.26208781,-0.00219814
2024-04-08,2.26596778,-0.00048670
2024-04-09,2.25264202,-0.00636466
2024-04-10,2.22821545,-0.01713917
2024-04-11,2.21627734,-0.02240504
2024-04-12,2.15317722,-0.05023836
2024-04-13,2.10833110,-0.07001989
2024-04-14,2.14425355,-0.05417457
2024-04-15,2.12630163,-0.06209312
2024-04-16,2.11281917,-0.06804021
2024-04-17,2.09043524,-0.07791371
2024-04-18,2.10930189,-0.06959167
2024-04-19,2.10591914,-0.07108380
2024-04-20,2.14088104,-0.05566218
2024-04-21,2.13079706,-0.06011020
2024-04-22,2.15514810,-0.04936901
2024-04-23,2.13960691,-0.05622420
2024-04-24,2.11014811,-0.06921840
2024-04-25,2.11017664,-0.06920582
2024-04-26,2.11011155,-0.06923453
2024-04-27,2.10442930,-0.07174096
2024-04-28,2.09794406,-0.07460158
2024-04-29,2.09700676,-0.07501502
2024-04-30,2.05840881,-0.09204049
2024-05-01,2.04056431,-0.09991166
2024-05-02,2.04719715,-0.09698593
2024-05-03,2.08272334,-0.08131541
2024-05-04,2.09794112,-0.07460288
2024-05-05,2.10387398,-0.07198591
2024-05-06,2.10288360,-0.07242276
2024-05-07,2.09604544,-0.07543906
2024-05-08,2.06894861,-0.08739141
2024-05-09,2.08588986,-0.07991866
2024-05-10,2.04732819,-0.09692813
2024-05-11,2.05026684,-0.09563190
2024-05-12,2.05686388,-0.09272196
2024-05-13,2.06963675,-0.08708788
2024-05-14,2.05394807,-0.09400812
2024-05-15,2.11213244,-0.06834312
2024-05-16,2.08939656,-0.07837187
2024-05-17,2.11929928,-0.06518184
2024-05-18,2.10874533,-0.06983717
2024-05-19,2.09183820,-0.07729487
2024-05-20,2.17557944,-0.04035679
2024-05-21,2.18451306,-0.03641619
2024-05-22,2.16594491,-0.04460656
2024-05-23,2.13725593,-0.05726121
2024-05-24,2.15440511,-0.04969674
2024-05-25,2.19296087,-0.03268988
2024-05-26,2.16236336,-0.04618638
2024-05-27,2.17686336,-0.03979046
2024-05-28,2.15751037,-0.04832702
2024-05-29,2.14970942,-0.05176800
2024-05-30,2.13821751,-0.05683706
2024-05-31,2.13250091,-0.05935863
2024-06-01,2.13376891,-0.05879932
2024-06-02,2.12659887,-0.06196201
2024-06-03,2.13993737,-0.05607843
2024-06-04,2.17197395,-0.04194717
2024-06-05,2.18148557,-0.03775161
2024-06-06,2.17043708,-0.04262508
2024-06-07,2.13903940,-0.05647452
2024-06-08,2.12735548,-0.06162827
2024-06-09,2.14065038,-0.05576392
2024-06-10,2.13243674,-0.05938694
2024-06-11,2.08891090,-0.07858609
2024-06-12,2.11182798,-0.06847742
2024-06-13,2.07925235,-0.08284646
2024-06-14,2.06253409,-0.09022084
2024-06-15,2.06113439,-0.09083825
2024-06-16,2.06113439,-0.09083825
2024-06-17,2.06113439,-0.09083825
2024-06-18,2.06113439,-0.09083825
2024-06-19,2.06113439,-0.09083825
2024-06-20,2.06113439,-0.09083825
2024-06-21,2.06113439,-0.09083825
2024-06-22,2.06113439,-0.09083825
2024-06-23,2.06113439,-0.09083825
2024-06-24,2.06113439,-0.09083825
2024-06-25,2.06113439,-0.09083825
2024-06-26,2.06113439,-0.09083825
2024-06-27,2.06113439,-0.09083825
2024-06-28,2.06113439,-0.09083825
2024-06-29,2.06113439,-0.09083825
2024-06-30,2.06113439,-0.09083825
2024-07-01,2.06113439,-0.09083825
2024-07-02,2.06113439,-0.09083825
2024-07-03,2.06113439,-0.09083825
2024-07-04,2.06113439,-0.09083825
2024-07-05,2.06113439,-0.09083825
2024-07-06,2.06113439,-0.09083825
2024-07-07,2.06113439,-0.09083825
2024-07-08,2.06113439,-0.09083825
2024-07-09,2.06113439,-0.09083825
2024-07-10,2.06113439,-0.09083825
2024-07-11,2.06113439,-0.09083825
2024-07-12,2.06113439,-0.09083825
2024-07-13,2.06113439,-0.09083825
2024-07-14,2.06113439,-0.09083825
2024-07-15,2.06113439,-0.09083825
2024-07-16,2.06113439,-0.09083825
2024-07-17,2.06113439,-0.09083825
2024-07-18,2.06113439,-0.09083825
2024-07-19,2.06113439,-0.09083825
2024-07-20,2.06113439,-0.09083825
2024-07-21,2.06113439,-0.09083825
2024-07-22,2.06113439,-0.09083825
2024-07-23,2.06113439,-0.09083825
2024-07-24,2.06113439,-0.09083825
2024-07-25,2.06113439,-0.09083825
2024-07-26,2.06113439,-0.09083825
2024-07-27,2.06156785,-0.09064705
2024-07-28,2.06614713,-0.08862714
2024-07-29,2.05020474,-0.09565929
2024-07-30,2.03854334,-0.10080311
2024-07-31,2.01121438,-0.11285785
2024-08-01,2.00776424,-0.11437970
2024-08-02,1.94794949,-0.14076386
2024-08-03,1.92078223,-0.15274727
2024-08-04,1.89265219,-0.16515537
2024-08-05,1.84338924,-0.18688514
2024-08-06,1.88911674,-0.16671485
2024-08-07,1.88313173,-0.16935482
2024-08-08,1.97115269,-0.13052897
2024-08-09,1.95036534,-0.13969823
2024-08-10,1.94918384,-0.14021938
2024-08-11,1.94918384,-0.14021938
2024-08-12,1.94918384,-0.14021938
2024-08-13,1.94918384,-0.14021938
2024-08-14,1.94918384,-0.14021938
2024-08-15,1.94918384,-0.14021938
2024-08-16,1.94918384,-0.14021938
2024-08-17,1.94918384,-0.14021938
2024-08-18,1.94918384,-0.14021938
2024-08-19,1.94918384,-0.14021938
2024-08-20,1.94918384,-0.14021938
2024-08-21,1.94918384,-0.14021938
2024-08-22,1.94918384,-0.14021938
2024-08-23,1.94918384,-0.14021938
2024-08-24,1.94918384,-0.14021938
2024-08-25,1.94918384,-0.14021938
2024-08-26,1.94918384,-0.14021938
2024-08-27,1.94918384,-0.14021938
2024-08-28,1.94918384,-0.14021938
2024-08-29,1.94918384,-0.14021938
2024-08-30,1.94918384,-0.14021938
2024-08-31,1.94918384,-0.14021938
2024-09-01,1.94918384,-0.14021938
2024-09-02,1.94918384,-0.14021938
2024-09-03,1.94918384,-0.14021938
2024-09-04,1.94918384,-0.14021938
2024-09-05,1.94918384,-0.14021938
2024-09-06,1.94918384,-0.14021938
2024-09-07,1.94918384,-0.14021938
2024-09-08,1.94918384,-0.14021938
2024-09-09,1.94918384,-0.14021938
2024-09-10,1.94918384,-0.14021938
2024-09-11,1.94918384,-0.14021938
2024-09-12,1.94918384,-0.14021938
2024-09-13,1.94918384,-0.14021938
2024-09-14,1.94918384,-0.14021938
2024-09-15,1.94918384,-0.14021938
2024-09-16,1.94918384,-0.14021938
2024-09-17,1.94918384,-0.14021938
2024-09-18,1.94918384,-0.14021938
2024-09-19,1.94918384,-0.14021938
2024-09-20,1.94918384,-0.14021938
2024-09-21,1.94926472,-0.14018371
2024-09-22,1.95126128,-0.13930303
2024-09-23,1.95081668,-0.13949914
2024-09-24,1.95788083,-0.13638316
2024-09-25,1.93866552,-0.14485899
2024-09-26,1.97688214,-0.12800173
2024-09-27,1.99320613,-0.12080125
2024-09-28,1.99399039,-0.12045532
2024-09-29,1.99641912,-0.11938401
2024-09-30,1.96564134,-0.13296002
2024-10-01,1.92409462,-0.15128618
2024-10-02,1.92596610,-0.15046068
2024-10-03,1.94098625,-0.14383532
2024-10-04,1.95271031,-0.13866387
2024-10-05,1.95053912,-0.13962157
2024-10-06,1.95053912,-0.13962157
2024-10-07,1.95053912,-0.13962157
2024-10-08,1.95053912,-0.13962157
2024-10-09,1.95053912,-0.13962157
2024-10-10,1.95053912,-0.13962157
2024-10-11,1.95053912,-0.13962157
2024-10-12,1.95053912,-0.13962157
2024-10-13,1.95053912,-0.13962157
2024-10-14,1.95053912,-0.13962157
2024-10-15,1.95053912,-0.13962157
2024-10-16,1.95053912,-0.13962157
2024-10-17,1.95053912,-0.13962157
2024-10-18,1.95053912,-0.13962157
2024-10-19,1.93853293,-0.14491748
2024-10-20,1.95033196,-0.13971295
2024-10-21,1.92903954,-0.14910499
2024-10-22,1.93883749,-0.14478313
2024-10-23,1.92617391,-0.15036901
2024-10-24,1.97224946,-0.13004519
2024-10-25,1.93718274,-0.14551304
2024-10-26,1.95591584,-0.13724991
2024-10-27,1.96644313,-0.13260635
2024-10-28,2.00031594,-0.11766513
2024-10-29,2.05843878,-0.09202728
2024-10-30,2.06504050,-0.08911527
2024-10-31,2.02634345,-0.10618445
2024-11-01,2.00748340,-0.11450358
2024-11-02,2.00484755,-0.11566625
2024-11-03,1.97397925,-0.12928219
2024-11-04,1.98856284,-0.12284939
2024-11-05,2.03800779,-0.10103934
2024-11-06,2.17108607,-0.04233881
2024-11-07,2.16312071,-0.04585231
2024-11-08,2.19583881,-0.03142043
2024-11-09,2.25093461,-0.00711780
2024-11-10,2.46727515,0.00000000
2024-11-11,2.76564653,0.00000000
2024-11-12,2.85149846,0.00000000
2024-11-13,2.93155105,0.00000000
2024-11-14,2.79167272,-0.04771479
2024-11-15,2.88098621,-0.01724850
2024-11-16,2.85683635,-0.02548641
2024-11-17,2.85869332,-0.02485296
2024-11-18,2.86514033,-0.02265378
2024-11-19,2.89319292,-0.01308459
2024-11-20,2.88180419,-0.01696947
2024-11-21,2.90152000,-0.01024408
2024-11-22,2.93483344,0.00000000
2024-11-23,2.95361408,0.00000000
2024-11-24,2.95431380,0.00000000
2024-11-25,2.89724530,-0.01931701
2024-11-26,2.88791390,-0.02247557
2024-11-27,2.91367015,-0.01375739
2024-11-28,2.91394090,-0.01366575
2024-11-29,2.94831884,-0.00202922
2024-11-30,2.94073089,-0.00459765
2024-12-01,2.96353349,0.00000000
2024-12-02,2.94292201,-0.00695503
2024-12-03,2.92253299,-0.01383500
2024-12-04,2.95789199,-0.00190364
2024-12-05,2.94792156,-0.00526801
2024-12-06,2.96247615,-0.00035678
2024-12-07,2.98308396,0.00000000
2024-12-08,3.00097956,0.00000000
2024-12-09,2.93396880,-0.02232963
2024-12-10,2.91011162,-0.03027942
2024-12-11,2.94225392,-0.01956882
2024-12-12,2.93094206,-0.02333821
2024-12-13,2.93723913,-0.02123987
2024-12-14,2.93190688,-0.02301671
2024-12-15,2.94612460,-0.01827902
2024-12-16,2.95584184,-0.01504099
2024-12-17,2.97114854,-0.00994043
2024-12-18,2.91308547,-0.02928846
2024-12-19,2.89487961,-0.03535510
2024-12-20,2.90304400,-0.03263453
2024-12-21,2.89447945,-0.03548845
2024-12-22,2.88402449,-0.03897230
2024-12-23,2.89424961,-0.03556504
2024-12-24,2.91263148,-0.02943975
2024-12-25,2.90933641,-0.03053775
2024-12-26,2.87659269,-0.04144875
2024-12-27,2.87216173,-0.04292526
2024-12-28,2.88339799,-0.03918106
2024-12-29,2.85772599,-0.04773560
2024-12-30,2.84690130,-0.05134266
2024-12-31,2.85493045,-0.04866715
2025-01-01,2.91788505,-0.02768913
2025-01-02,2.94061459,-0.02011509
2025-01-03,2.95578942,-0.01505846
2025-01-04,2.94775288,-0.01773643
2025-01-05,2.94300394,-0.01931890
2025-01-06,2.95719646,-0.01458960
2025-01-07,2.90841980,-0.03084318
2025-01-08,2.92868146,-0.02409150
2025-01-09,2.89854692,-0.03413307
2025-01-10,2.92040044,-0.02685094
2025-01-11,3.00981258,0.00000000
2025-01-12,2.98167629,-0.00934819
2025-01-13,2.98887942,-0.00695497
2025-01-14,3.05282215,0.00000000
2025-01-15,3.25231010,0.00000000
2025-01-16,3.28930552,0.00000000
2025-01-17,3.32473337,0.00000000
2025-01-18,3.31769574,-0.00211675
2025-01-19,3.18423534,-0.04225843
2025-01-20,3.24483849,-0.02403046
2025-01-21,3.28724547,-0.01127546
2025-01-22,3.27956564,-0.01358537
2025-01-23,3.25686494,-0.02041319
2025-01-24,3.25373331,-0.02135511
2025-01-25,3.25431940,-0.02117883
2025-01-26,3.22574158,-0.02977435
2025-01-27,3.23239841,-0.02777214
2025-01-28,3.23063626,-0.02830215
2025-01-29,3.24106883,-0.02516428
2025-01-30,3.25945379,-0.01963453
2025-01-31,3.22870332,-0.02888353
2025-02-01,3.18239468,-0.04281206
2025-02-02,3.09712314,-0.06845969
2025-02-03,3.13940617,-0.05574197
2025-02-04,3.08383053,-0.07245779
2025-02-05,3.04295335,-0.08475267
2025-02-06,3.02832131,-0.08915363
2025-02-07,3.04628908,-0.08374936
2025-02-08,3.05306604,-0.08171101
2025-02-09,3.04485457,-0.08418083
2025-02-10,3.05752812,-0.08036892
2025-02-11,3.04886420,-0.08297482
2025-02-12,3.07436575,-0.07530457
2025-02-13,3.09685061,-0.06854166
2025-02-14,3.15512227,-0.05101495
2025-02-15,3.16258569,-0.04877013
2025-02-16,3.14725956,-0.05337986
2025-02-17,3.12520145,-0.06001441
2025-02-18,3.09486965,-0.06913749
2025-02-19,3.15189822,-0.05198466
2025-02-20,3.14214784,-0.05491734
2025-02-21,3.09928047,-0.06781082
2025-02-22,3.10129508,-0.06720487
2025-02-23,3.10070907,-0.06738113
2025-02-24,2.95269150,-0.11190126
2025-02-25,2.95747997,-0.11046101
2025-02-26,2.88406851,-0.13254141
2025-02-27,2.88651138,-0.13180666
2025-02-28,2.86232664,-0.13908085
2025-03-01,2.88993464,-0.13077702
2025-03-02,3.24368931,-0.02437611
2025-03-03,2.97307275,-0.10577107
2025-03-04,3.00641985,-0.09574107
2025-03-05,3.04155242,-0.08517403
2025-03-06,3.08027707,-0.07352659
2025-03-07,2.97514005,-0.10514928
2025-03-08,2.97300846,-0.10579041
2025-03-09,2.97300846,-0.10579041
2025-03-10,2.97300846,-0.10579041
2025-03-11,2.97300846,-0.10579041
2025-03-12,2.97300846,-0.10579041
2025-03-13,2.97300846,-0.10579041
2025-03-14,2.97300846,-0.10579041
2025-03-15,2.97300846,-0.10579041
2025-03-16,2.97300846,-0.10579041
2025-03-17,2.97300846,-0.10579041
2025-03-18,2.97300846,-0.10579041
2025-03-19,2.97300846,-0.10579041
2025-03-20,2.97300846,-0.10579041
2025-03-21,2.97300846,-0.10579041
2025-03-22,2.97300846,-0.10579041
2025-03-23,2.97300846,-0.10579041
2025-03-24,2.97300846,-0.10579041
2025-03-25,2.97300846,-0.10579041
2025-03-26,2.97300846,-0.10579041
2025-03-27,2.97300846,-0.10579041
2025-03-28,2.97300846,-0.10579041
2025-03-29,2.97300846,-0.10579041
2025-03-30,2.97300846,-0.10579041
2025-03-31,2.97300846,-0.10579041
2025-04-01,2.97300846,-0.10579041
2025-04-02,2.97300846,-0.10579041
2025-04-03,2.97300846,-0.10579041
2025-04-04,2.97300846,-0.10579041
2025-04-05,2.97300846,-0.10579041
2025-04-06,2.97300846,-0.10579041
2025-04-07,2.97300846,-0.10579041
2025-04-08,2.97300846,-0.10579041
2025-04-09,2.97300846,-0.10579041
2025-04-10,2.97300846,-0.10579041
2025-04-11,2.97300846,-0.10579041
2025-04-12,2.97300846,-0.10579041
2025-04-13,2.97300846,-0.10579041
2025-04-14,2.97300846,-0.10579041
2025-04-15,2.97300846,-0.10579041
2025-04-16,2.97300846,-0.10579041
2025-04-17,2.97300846,-0.10579041
2025-04-18,2.97300846,-0.10579041
2025-04-19,2.97300846,-0.10579041
2025-04-20,2.97300846,-0.10579041
2025-04-21,2.97300846,-0.10579041
2025-04-22,2.97300846,-0.10579041
2025-04-23,2.97300846,-0.10579041
2025-04-24,2.97300846,-0.10579041
2025-04-25,2.97300846,-0.10579041
2025-04-26,2.97300846,-0.10579041
2025-04-27,2.97300846,-0.10579041
2025-04-28,2.97300846,-0.10579041
2025-04-29,2.97300846,-0.10579041
2025-04-30,2.97300846,-0.10579041
2025-05-01,2.97300846,-0.10579041
2025-05-02,2.97300846,-0.10579041
2025-05-03,2.95088201,-0.11244552
2025-05-04,2.93351172,-0.11767008
2025-05-05,2.94228623,-0.11503092
2025-05-06,2.96475271,-0.10827354
2025-05-07,2.97380938,-0.10554951
2025-05-08,3.07684355,-0.07455931
2025-05-09,3.08016928,-0.07355901
2025-05-10,3.11860089,-0.06199970
2025-05-11,3.10702819,-0.06548049
2025-05-12,3.10449195,-0.06624333
2025-05-13,3.12033506,-0.06147810
2025-05-14,3.12079171,-0.06134075
2025-05-15,3.12107360,-0.06125597
2025-05-16,3.11320100,-0.06362386
2025-05-17,3.10034384,-0.06749098
2025-05-18,3.16469787,-0.04813484
2025-05-19,3.12928217,-0.05878703
2025-05-20,3.14730987,-0.05336473
2025-05-21,3.20238925,-0.03679817
2025-05-22,3.29280083,-0.00960454
2025-05-23,3.21029171,-0.03442130
2025-05-24,3.20615380,-0.03566589
2025-05-25,3.22264394,-0.03070605
2025-05-26,3.21517677,-0.03295199
2025-05-27,3.20793080,-0.03513141
2025-05-28,3.21223424,-0.03383704
2025-05-29,3.15999536,-0.04954924
2025-05-30,3.12162593,-0.06108984
2025-05-31,3.15536069,-0.05094323
2025-06-01,3.14910165,-0.05282580
2025-06-02,3.15206194,-0.05193542
2025-06-03,3.14200994,-0.05495882
2025-06-04,3.13238209,-0.05785465
2025-06-05,3.06978824,-0.07668138
2025-06-06,3.12050345,-0.06142746
2025-06-07,3.15770240,-0.05023891
2025-06-08,3.16239070,-0.04882878
2025-06-09,3.23955366,-0.02562001
2025-06-10,3.26024469,-0.01939665
2025-06-11,3.22647626,-0.02955338
2025-06-12,3.18269315,-0.04272229
2025-06-13,3.22697622,-0.02940300
2025-06-14,3.20083318,-0.03726620
2025-06-15,3.20818611,-0.03505462
2025-06-16,3.22436401,-0.03018869
2025-06-17,3.18271660,-0.04271523
2025-06-18,3.19171571,-0.04000852
2025-06-19,3.18719088,-0.04136948
2025-06-20,3.13434447,-0.05726441
2025-06-21,3.08467645,-0.07220336
2025-06-22,3.04795131,-0.08324940
2025-06-23,3.16453663,-0.04818333
2025-06-24,3.18596140,-0.04173928
2025-06-25,3.19438765,-0.03920486
2025-06-26,3.18850870,-0.04097311
2025-06-27,3.19184874,-0.03996851
2025-06-28,3.16407132,-0.04832329
2025-06-29,3.19919060,-0.03776025
2025-06-30,3.19098550,-0.04022815
2025-07-01,3.16731103,-0.04734886
2025-07-02,3.21590343,-0.03273343
2025-07-03,3.19483940,-0.03906899
2025-07-04,3.15674116,-0.05052802
2025-07-05,3.16919224,-0.04678304
2025-07-06,3.18196494,-0.04294131
2025-07-07,3.18297243,-0.04263829
2025-07-08,3.19732299,-0.03832198
2025-07-09,3.24419962,-0.02422262
2025-07-10,3.29406014,-0.00922577
2025-07-11,3.33315587,0.00000000
2025-07-12,3.32339344,-0.00292889
2025-07-13,3.34755932,0.00000000
2025-07-14,3.36912236,0.00000000
2025-07-15,3.39764092,0.00000000
2025-07-16,3.49100134,0.00000000
2025-07-17,3.53438221,0.00000000
2025-07-18,3.55011285,0.00000000
2025-07-19,3.56590233,0.00000000
2025-07-20,3.62193870,0.00000000
2025-07-21,3.62506109,0.00000000
2025-07-22,3.64010484,0.00000000
2025-07-23,3.58696240,-0.01459915
2025-07-24,3.61245335,-0.00759634
2025-07-25,3.61297300,-0.00745359
2025-07-26,3.62160504,-0.00508222
2025-07-27,3.68981699,0.00000000
2025-07-28,3.64798527,-0.01133707
2025-07-29,3.64525563,-0.01207685
2025-07-30,3.65197385,-0.01025610
2025-07-31,3.58911870,-0.02729086
2025-08-01,3.47953460,-0.05698992
2025-08-02,3.43305930,-0.06958548
2025-08-03,3.48914833,-0.05438445
2025-08-04,3.59497288,-0.02570429
2025-08-05,3.54038662,-0.04049805
2025-08-06,3.57754917,-0.03042639
2025-08-07,3.69452562,0.00000000
2025-08-08,3.73439440,0.00000000
2025-08-09,3.81601541,0.00000000
2025-08-10,3.84038583,0.00000000
2025-08-11,3.82519438,-0.00395571
2025-08-12,3.96331906,0.00000000
2025-08-13,4.04854321,0.00000000
2025-08-14,3.93059011,-0.02913470
2025-08-15,3.88487321,-0.04042689
2025-08-16,3.87959754,-0.04172999
2025-08-17,3.89690194,-0.03745576
2025-08-18,3.83159458,-0.05358684
2025-08-19,3.71795237,-0.08165674
2025-08-20,3.81993638,-0.05646644
2025-08-21,3.76525829,-0.06997206
2025-08-22,4.01359437,-0.00863245
2025-08-23,3.99213559,-0.01393282
2025-08-24,3.98399119,-0.01594451
2025-08-25,3.86859255,-0.04444825
2025-08-26,3.93160149,-0.02888489
2025-08-27,3.90608293,-0.03518803
2025-08-28,3.91299371,-0.03348106
2025-08-29,3.85695975,-0.04732158
2025-08-30,3.86230312,-0.04600175
2025-08-31,3.86412538,-0.04555165
2025-09-01,3.84922155,-0.04923293
2025-09-02,3.86104949,-0.04631140
2025-09-03,3.89388879,-0.03820002
2025-09-04,3.85154257,-0.04865964
2025-09-05,3.85376038,-0.04811183
2025-09-06,3.84274455,-0.05083277
2025-09-07,3.85566238,-0.04764203
2025-09-08,3.86026624,-0.04650487
2025-09-09,3.85873993,-0.04688187
2025-09-10,3.88084570,-0.04142169
2025-09-11,3.91584648,-0.03277641
2025-09-12,3.98256573,-0.01629660
2025-09-13,3.97062114,-0.01924694
2025-09-14,3.95154114,-0.02395975
2025-09-15,3.93146736,-0.02891802
2025-09-16,3.93320047,-0.02848994
2025-09-17,3.95380177,-0.02340137
2025-09-18,3.95636735,-0.02276766
2025-09-19,3.91923711,-0.03193892
2025-09-20,3.90753992,-0.03482815
2025-09-21,3.88375610,-0.04070282
2025-09-22,3.79683632,-0.06217221
2025-09-23,3.78562245,-0.06494207
2025-09-24,3.79742400,-0.06202705
2025-09-25,3.69273048,-0.08788661
2025-09-26,3.74903204,-0.07397999
2025-09-27,3.73900872,-0.07645577
2025-09-28,3.79580396,-0.06242721
2025-09-29,3.80939018,-0.05907138
2025-09-30,3.78406805,-0.06532601
2025-10-01,3.87898899,-0.04188030
2025-10-02,3.89998254,-0.03669485
2025-10-03,3.89278743,-0.03847206
2025-10-04,3.87901270,-0.04187445
2025-10-05,3.89756262,-0.03729257
2025-10-06,3.97302080,-0.01865422
2025-10-07,3.85545457,-0.04769336
2025-10-08,3.90074051,-0.03650762
2025-10-09,3.82661358,-0.05481716
2025-10-10,3.54690829,-0.12390504
2025-10-11,3.50188718,-0.13502537
2025-10-12,3.69270714,-0.08789237
2025-10-13,3.72947292,-0.07881114
2025-10-14,3.66785558,-0.09403077
2025-10-15,3.59662317,-0.11162535
2025-10-16,3.54182765,-0.12515997
2025-10-17,3.50423854,-0.13444458
2025-10-18,3.50080941,-0.13529158
2025-10-19,3.50080941,-0.13529158
2025-10-20,3.50080941,-0.13529158
2025-10-21,3.50080941,-0.13529158
2025-10-22,3.50080941,-0.13529158
2025-10-23,3.50080941,-0.13529158
2025-10-24,3.50080941,-0.13529158
2025-10-25,3.50080941,-0.13529158
2025-10-26,3.50080941,-0.13529158
2025-10-27,3.50080941,-0.13529158
2025-10-28,3.50080941,-0.13529158
2025-10-29,3.50080941,-0.13529158
2025-10-30,3.50080941,-0.13529158
2025-10-31,3.50080941,-0.13529158
2025-11-01,3.50080941,-0.13529158
2025-11-02,3.50080941,-0.13529158
2025-11-03,3.50080941,-0.13529158
2025-11-04,3.50080941,-0.13529158
2025-11-05,3.50080941,-0.13529158
2025-11-06,3.50080941,-0.13529158
2025-11-07,3.50080941,-0.13529158
2025-11-08,3.50080941,-0.13529158
2025-11-09,3.50080941,-0.13529158
2025-11-10,3.50080941,-0.13529158
2025-11-11,3.50080941,-0.13529158
2025-11-12,3.50080941,-0.13529158
2025-11-13,3.50080941,-0.13529158
2025-11-14,3.50080941,-0.13529158
2025-11-15,3.50080941,-0.13529158
2025-11-16,3.50080941,-0.13529158
2025-11-17,3.50080941,-0.13529158
2025-11-18,3.50080941,-0.13529158
2025-11-19,3.50080941,-0.13529158
2025-11-20,3.50080941,-0.13529158
2025-11-21,3.50080941,-0.13529158
2025-11-22,3.50080941,-0.13529158
2025-11-23,3.50080941,-0.13529158
2025-11-24,3.50080941,-0.13529158
2025-11-25,3.50080941,-0.13529158
2025-11-26,3.50080941,-0.13529158
2025-11-27,3.50080941,-0.13529158
2025-11-28,3.50080941,-0.13529158
2025-11-29,3.50080941,-0.13529158
2025-11-30,3.50080941,-0.13529158
2025-12-01,3.50080941,-0.13529158
2025-12-02,3.50080941,-0.13529158
2025-12-03,3.50080941,-0.13529158
2025-12-04,3.50080941,-0.13529158
2025-12-05,3.50080941,-0.13529158
2025-12-06,3.50080941,-0.13529158
2025-12-07,3.50080941,-0.13529158
2025-12-08,3.50080941,-0.13529158
2025-12-09,3.50080941,-0.13529158
2025-12-10,3.50080941,-0.13529158
2025-12-11,3.50080941,-0.13529158
2025-12-12,3.50080941,-0.13529158
2025-12-13,3.50080941,-0.13529158
2025-12-14,3.50080941,-0.13529158
2025-12-15,3.50080941,-0.13529158
2025-12-16,3.50080941,-0.13529158
2025-12-17,3.50080941,-0.13529158
2025-12-18,3.50080941,-0.13529158
2025-12-19,3.50080941,-0.13529158
2025-12-20,3.50080941,-0.13529158
2025-12-21,3.50080941,-0.13529158
2025-12-22,3.50080941,-0.13529158
2025-12-23,3.50080941,-0.13529158
2025-12-24,3.50080941,-0.13529158
2025-12-25,3.50080941,-0.13529158
2025-12-26,3.50080941,-0.13529158
2025-12-27,3.50080941,-0.13529158
2025-12-28,3.50080941,-0.13529158
2025-12-29,3.50080941,-0.13529158
2025-12-30,3.50080941,-0.13529158
2025-12-31,3.50080941,-0.13529158
2026-01-01,3.50080941,-0.13529158
2026-01-02,3.50080941,-0.13529158
2026-01-03,3.50080941,-0.13529158
2026-01-04,3.50080941,-0.13529158
2026-01-05,3.50080941,-0.13529158
2026-01-06,3.50080941,-0.13529158
2026-01-07,3.50080941,-0.13529158
2026-01-08,3.50080941,-0.13529158
2026-01-09,3.50080941,-0.13529158
2026-01-10,3.50080941,-0.13529158
2026-01-11,3.50080941,-0.13529158
2026-01-12,3.50080941,-0.13529158
2026-01-13,3.50080941,-0.13529158
2026-01-14,3.50080941,-0.13529158
2026-01-15,3.50080941,-0.13529158
2026-01-16,3.50080941,-0.13529158
2026-01-17,3.50080941,-0.13529158
2026-01-18,3.50080941,-0.13529158
2026-01-19,3.50080941,-0.13529158
2026-01-20,3.50080941,-0.13529158
2026-01-21,3.50080941,-0.13529158
2026-01-22,3.50080941,-0.13529158
2026-01-23,3.50080941,-0.13529158
2026-01-24,3.50080941,-0.13529158
2026-01-25,3.50080941,-0.13529158
2026-01-26,3.50080941,-0.13529158
2026-01-27,3.50080941,-0.13529158
2026-01-28,3.50080941,-0.13529158
2026-01-29,3.50080941,-0.13529158
2026-01-30,3.50080941,-0.13529158
2026-01-31,3.50080941,-0.13529158
2026-02-01,3.50080941,-0.13529158
2026-02-02,3.50080941,-0.13529158
2026-02-03,3.50080941,-0.13529158
2026-02-04,3.50080941,-0.13529158
2026-02-05,3.50080941,-0.13529158
2026-02-06,3.50080941,-0.13529158
2026-02-07,3.50080941,-0.13529158
2026-02-08,3.50080941,-0.13529158
2026-02-09,3.50080941,-0.13529158
2026-02-10,3.50080941,-0.13529158
2026-02-11,3.50080941,-0.13529158
2026-02-12,3.50080941,-0.13529158
2026-02-13,3.50080941,-0.13529158
2026-02-14,3.50080941,-0.13529158
2026-02-15,3.50080941,-0.13529158
2026-02-16,3.50080941,-0.13529158
2026-02-17,3.50080941,-0.13529158
2026-02-18,3.50080941,-0.13529158
2026-02-19,3.50080941,-0.13529158
2026-02-20,3.50080941,-0.13529158
2026-02-21,3.50080941,-0.13529158
2026-02-22,3.50080941,-0.13529158
2026-02-23,3.50080941,-0.13529158
2026-02-24,3.50080941,-0.13529158
2026-02-25,3.50080941,-0.13529158
2026-02-26,3.50080941,-0.13529158
2026-02-27,3.50080941,-0.13529158
2026-02-28,3.50080941,-0.13529158
2026-03-01,3.50080941,-0.13529158
2026-03-02,3.50080941,-0.13529158
2026-03-03,3.50080941,-0.13529158
2026-03-04,3.50080941,-0.13529158
2026-03-05,3.50080941,-0.13529158
2026-03-06,3.50080941,-0.13529158
2026-03-07,3.50080941,-0.13529158
2026-03-08,3.50080941,-0.13529158
2026-03-09,3.50080941,-0.13529158
2026-03-10,3.50080941,-0.13529158
2026-03-11,3.50080941,-0.13529158
2026-03-12,3.50080941,-0.13529158
2026-03-13,3.50080941,-0.13529158
2026-03-14,3.50080941,-0.13529158
2026-03-15,3.50080941,-0.13529158
2026-03-16,3.50080941,-0.13529158
2026-03-17,3.50080941,-0.13529158
2026-03-18,3.50080941,-0.13529158
2026-03-19,3.50080941,-0.13529158
2026-03-20,3.50080941,-0.13529158
2026-03-21,3.50080941,-0.13529158
2026-03-22,3.50080941,-0.13529158
2026-03-23,3.50080941,-0.13529158
2026-03-24,3.50080941,-0.13529158
2026-03-25,3.50080941,-0.13529158
2026-03-26,3.50080941,-0.13529158
2026-03-27,3.50080941,-0.13529158
2026-03-28,3.50080941,-0.13529158
2026-03-29,3.50080941,-0.13529158
2026-03-30,3.50080941,-0.13529158
2026-03-31,3.50080941,-0.13529158
2026-04-01,3.50080941,-0.13529158
2026-04-02,3.50080941,-0.13529158
2026-04-03,3.50080941,-0.13529158
2026-04-04,3.50080941,-0.13529158
2026-04-05,3.50080941,-0.13529158
2026-04-06,3.50080941,-0.13529158
2026-04-07,3.50080941,-0.13529158
2026-04-08,3.50080941,-0.13529158
2026-04-09,3.50080941,-0.13529158
2026-04-10,3.50080941,-0.13529158
2026-04-11,3.50080941,-0.13529158
2026-04-12,3.50080941,-0.13529158
2026-04-13,3.50080941,-0.13529158
2026-04-14,3.50080941,-0.13529158
2026-04-15,3.50080941,-0.13529158
2026-04-16,3.50080941,-0.13529158
2026-04-17,3.50080941,-0.13529158
2026-04-18,3.50080941,-0.13529158
2026-04-19,3.50080941,-0.13529158
2026-04-20,3.50080941,-0.13529158
2026-04-21,3.50080941,-0.13529158
2026-04-22,3.50080941,-0.13529158
2026-04-23,3.50080941,-0.13529158
2026-04-24,3.50080941,-0.13529158
2026-04-25,3.50080941,-0.13529158
2026-04-26,3.50080941,-0.13529158
2026-04-27,3.50080941,-0.13529158
2026-04-28,3.50080941,-0.13529158
2026-04-29,3.50080941,-0.13529158
2026-04-30,3.50080941,-0.13529158
2026-05-01,3.50080941,-0.13529158
2026-05-02,3.50080941,-0.13529158
2026-05-03,3.50080941,-0.13529158
2026-05-04,3.50080941,-0.13529158
2026-05-05,3.50080941,-0.13529158
2026-05-06,3.50080941,-0.13529158
2026-05-07,3.50080941,-0.13529158
2026-05-08,3.50080941,-0.13529158
2026-05-09,3.50080941,-0.13529158
2026-05-10,3.50080941,-0.13529158
2026-05-11,3.50080941,-0.13529158
2026-05-12,3.50080941,-0.13529158
2026-05-13,3.50080941,-0.13529158
2026-05-14,3.50080941,-0.13529158
2026-05-15,3.50080941,-0.13529158
2026-05-16,3.47889734,-0.14070391
2026-05-17,3.45963804,-0.14546101
2026-05-18,3.44855867,-0.14819764
2026-05-19,3.44622616,-0.14877377
2026-05-20,3.47679443,-0.14122334
2026-05-21,3.50110646,-0.13521821
2026-05-22,3.43073619,-0.15259983
2026-05-23,3.46751986,-0.14351418
2026-05-24,3.48618361,-0.13890419
2026-05-25,3.51550116,-0.13166268
2026-05-26,3.49081284,-0.13776075
2026-05-27,3.42123043,-0.15494778
2026-05-28,3.34355100,-0.17413479
2026-05-29,3.30777832,-0.18297073
2026-05-30,3.30281665,-0.18419627
2026-05-31,3.30281665,-0.18419627
2026-06-01,3.30281665,-0.18419627
2026-06-02,3.30281665,-0.18419627
2026-06-03,3.30281665,-0.18419627
2026-06-04,3.30281665,-0.18419627
2026-06-05,3.30281665,-0.18419627
2026-06-06,3.30281665,-0.18419627
2026-06-07,3.30281665,-0.18419627
2026-06-08,3.30281665,-0.18419627
2026-06-09,3.30281665,-0.18419627
2026-06-10,3.30281665,-0.18419627
2026-06-11,3.30281665,-0.18419627
2026-06-12,3.30281665,-0.18419627
2026-06-13,3.30281665,-0.18419627
2026-06-14,3.30281665,-0.18419627
2026-06-15,3.30281665,-0.18419627
2026-06-16,3.30281665,-0.18419627
2026-06-17,3.30281665,-0.18419627
2026-06-18,3.30281665,-0.18419627
2026-06-19,3.30281665,-0.18419627
2026-06-20,3.30281665,-0.18419627
2026-06-21,3.30281665,-0.18419627
2026-06-22,3.30281665,-0.18419627
2026-06-23,3.30281665,-0.18419627
2026-06-24,3.30281665,-0.18419627
2026-06-25,3.30281665,-0.18419627
2026-06-26,3.30281665,-0.18419627
2026-06-27,3.30281665,-0.18419627
2026-06-28,3.30281665,-0.18419627
2026-06-29,3.30281665,-0.18419627
2026-06-30,3.30281665,-0.18419627
2026-07-01,3.30281665,-0.18419627
2026-07-02,3.30281665,-0.18419627
2026-07-03,3.30281665,-0.18419627
2026-07-04,3.30281665,-0.18419627
2026-07-05,3.30281665,-0.18419627
2026-07-06,3.30281665,-0.18419627
2026-07-07,3.30281665,-0.18419627
2026-07-08,3.30281665,-0.18419627
2026-07-09,3.30281665,-0.18419627
2026-07-10,3.30281665,-0.18419627
2026-07-11,3.30281665,-0.18419627
2026-07-12,3.30281665,-0.18419627
2026-07-13,3.30281665,-0.18419627
2026-07-14,3.30281665,-0.18419627
2026-07-15,3.30281665,-0.18419627
